1	1604232000:EST:-18000,1615723200:EDT:-14400,1636286400:EST:-18000,1647172800:EDT:-14400,1667736000:EST:-18000,1678622400:EDT:-14400,1699185600:EST:-18000,1710072000:EDT:-14400,1730635200:EST:-18000,1741521600:EDT:-14400,1762084800:EST:-18000
2	1604235600:CST:-21600,1615726800:CDT:-18000,1636290000:CST:-21600,1647176400:CDT:-18000,1667739600:CST:-21600,1678626000:CDT:-18000,1699189200:CST:-21600,1710075600:CDT:-18000,1730638800:CST:-21600,1741525200:CDT:-18000,1762088400:CST:-21600
3	1604246400:AKST:-32400,1615737600:AKDT:-28800,1636300800:AKST:-32400,1647187200:AKDT:-28800,1667750400:AKST:-32400,1678636800:AKDT:-28800,1699200000:AKST:-32400,1710086400:AKDT:-28800,1730649600:AKST:-32400,1741536000:AKDT:-28800,1762099200:AKST:-32400
4	0:MST:-25200
5	1604242800:PST:-28800,1615734000:PDT:-25200,1636297200:PST:-28800,1647183600:PDT:-25200,1667746800:PST:-28800,1678633200:PDT:-25200,1699196400:PST:-28800,1710082800:PDT:-25200,1730646000:PST:-28800,1741532400:PDT:-25200,1762095600:PST:-28800
6	1604239200:MST:-25200,1615730400:MDT:-21600,1636293600:MST:-25200,1647180000:MDT:-21600,1667743200:MST:-25200,1678629600:MDT:-21600,1699192800:MST:-25200,1710079200:MDT:-21600,1730642400:MST:-25200,1741528800:MDT:-21600,1762092000:MST:-25200
7	0:HST:-36000
8	1604232000:EST:-18000,1615723200:EDT:-14400,1636286400:EST:-18000,1647172800:EDT:-14400,1667736000:EST:-18000,1678622400:EDT:-14400,1699185600:EST:-18000,1710072000:EDT:-14400,1730635200:EST:-18000,1741521600:EDT:-14400,1762084800:EST:-18000
9	1604239200:MST:-25200,1615730400:MDT:-21600,1636293600:MST:-25200,1647180000:MDT:-21600,1667743200:MST:-25200,1678629600:MDT:-21600,1699192800:MST:-25200,1710079200:MDT:-21600,1730642400:MST:-25200,1741528800:MDT:-21600,1762092000:MST:-25200
10	1604232000:EST:-18000,1615723200:EDT:-14400,1636286400:EST:-18000,1647172800:EDT:-14400,1667736000:EST:-18000,1678622400:EDT:-14400,1699185600:EST:-18000,1710072000:EDT:-14400,1730635200:EST:-18000,1741521600:EDT:-14400,1762084800:EST:-18000
11	0:AST:-14400
12	0:+12:43200
13	1604232000:EST:-18000,1615723200:EDT:-14400,1636286400:EST:-18000,1647172800:EDT:-14400,1667736000:EST:-18000,1678622400:EDT:-14400,1699185600:EST:-18000,1710072000:EDT:-14400,1730635200:EST:-18000,1741521600:EDT:-14400,1762084800:EST:-18000
14	1604235600:CST:-21600,1615726800:CDT:-18000,1636290000:CST:-21600,1647176400:CDT:-18000,1667739600:CST:-21600,1678626000:CDT:-18000,1699189200:CST:-21600,1710075600:CDT:-18000,1730638800:CST:-21600,1741525200:CDT:-18000,1762088400:CST:-21600
15	1604235600:CST:-21600,1615726800:CDT:-18000,1636290000:CST:-21600,1647176400:CDT:-18000,1667739600:CST:-21600,1678626000:CDT:-18000,1699189200:CST:-21600,1710075600:CDT:-18000,1730638800:CST:-21600,1741525200:CDT:-18000,1762088400:CST:-21600
16	1604232000:EST:-18000,1615723200:EDT:-14400,1636286400:EST:-18000,1647172800:EDT:-14400,1667736000:EST:-18000,1678622400:EDT:-14400,1699185600:EST:-18000,1710072000:EDT:-14400,1730635200:EST:-18000,1741521600:EDT:-14400,1762084800:EST:-18000
17	1604246400:AKST:-32400,1615737600:AKDT:-28800,1636300800:AKST:-32400,1647187200:AKDT:-28800,1667750400:AKST:-32400,1678636800:AKDT:-28800,1699200000:AKST:-32400,1710086400:AKDT:-28800,1730649600:AKST:-32400,1741536000:AKDT:-28800,1762099200:AKST:-32400
18	1604246400:AKST:-32400,1615737600:AKDT:-28800,1636300800:AKST:-32400,1647187200:AKDT:-28800,1667750400:AKST:-32400,1678636800:AKDT:-28800,1699200000:AKST:-32400,1710086400:AKDT:-28800,1730649600:AKST:-32400,1741536000:AKDT:-28800,1762099200:AKST:-32400
19	1604232000:EST:-18000,1615723200:EDT:-14400,1636286400:EST:-18000,1647172800:EDT:-14400,1667736000:EST:-18000,1678622400:EDT:-14400,1699185600:EST:-18000,1710072000:EDT:-14400,1730635200:EST:-18000,1741521600:EDT:-14400,1762084800:EST:-18000
20	0:ChST:36000
21	1604246400:AKST:-32400,1615737600:AKDT:-28800,1636300800:AKST:-32400,1647187200:AKDT:-28800,1667750400:AKST:-32400,1678636800:AKDT:-28800,1699200000:AKST:-32400,1710086400:AKDT:-28800,1730649600:AKST:-32400,1741536000:AKDT:-28800,1762099200:AKST:-32400
22	1604235600:CST:-21600,1615726800:CDT:-18000,1636290000:CST:-21600,1647176400:CDT:-18000,1667739600:CST:-21600,1678626000:CDT:-18000,1699189200:CST:-21600,1710075600:CDT:-18000,1730638800:CST:-21600,1741525200:CDT:-18000,1762088400:CST:-21600
23	1604235600:CST:-21600,1615726800:CDT:-18000,1636290000:CST:-21600,1647176400:CDT:-18000,1667739600:CST:-21600,1678626000:CDT:-18000,1699189200:CST:-21600,1710075600:CDT:-18000,1730638800:CST:-21600,1741525200:CDT:-18000,1762088400:CST:-21600
24	1604246400:AKST:-32400,1615737600:AKDT:-28800,1636300800:AKST:-32400,1647187200:AKDT:-28800,1667750400:AKST:-32400,1678636800:AKDT:-28800,1699200000:AKST:-32400,1710086400:AKDT:-28800,1730649600:AKST:-32400,1741536000:AKDT:-28800,1762099200:AKST:-32400
25	1604232000:EST:-18000,1615723200:EDT:-14400,1636286400:EST:-18000,1647172800:EDT:-14400,1667736000:EST:-18000,1678622400:EDT:-14400,1699185600:EST:-18000,1710072000:EDT:-14400,1730635200:EST:-18000,1741521600:EDT:-14400,1762084800:EST:-18000
26	1604232000:EST:-18000,1615723200:EDT:-14400,1636286400:EST:-18000,1647172800:EDT:-14400,1667736000:EST:-18000,1678622400:EDT:-14400,1699185600:EST:-18000,1710072000:EDT:-14400,1730635200:EST:-18000,1741521600:EDT:-14400,1762084800:EST:-18000
27	1604235600:CST:-21600,1615726800:CDT:-18000,1636290000:CST:-21600,1647176400:CDT:-18000,1667739600:CST:-21600,1678626000:CDT:-18000,1699189200:CST:-21600,1710075600:CDT:-18000,1730638800:CST:-21600,1741525200:CDT:-18000,1762088400:CST:-21600
28	1604239200:MST:-25200,1615730400:MDT:-21600,1636293600:MST:-25200,1647180000:MDT:-21600,1667743200:MST:-25200,1678629600:MDT:-21600,1699192800:MST:-25200,1710079200:MDT:-21600,1730642400:MST:-25200,1741528800:MDT:-21600,1762092000:MST:-25200
29	0:CST:-21600
30	1604232000:EST:-18000,1615723200:EDT:-14400,1636286400:EST:-18000,1647172800:EDT:-14400,1667736000:EST:-18000,1678622400:EDT:-14400,1699185600:EST:-18000,1710072000:EDT:-14400,1730635200:EST:-18000,1741521600:EDT:-14400,1762084800:EST:-18000
31	0:ChST:36000
32	0:EAT:10800
33	0:-03:-10800
34	1603605600:GMT:0,1616911200:BST:3600,1635660000:GMT:0,1648360800:BST:3600,1667109600:GMT:0,1679810400:BST:3600,1698559200:GMT:0,1711864800:BST:3600,1730008800:GMT:0,1743314400:BST:3600,1761458400:GMT:0
35	0:+10:36000
36	0:PST:28800
37	1603605600:CET:3600,1616911200:CEST:7200,1635660000:CET:3600,1648360800:CEST:7200,1667109600:CET:3600,1679810400:CEST:7200,1698559200:CET:3600,1711864800:CEST:7200,1730008800:CET:3600,1743314400:CEST:7200,1761458400:CET:3600
38	0:CAT:7200
39	0:+03:10800
40	0:+04:14400
41	0:EAT:10800
42	1603605600:CET:3600,1616911200:CEST:7200,1635660000:CET:3600,1648360800:CEST:7200,1667109600:CET:3600,1679810400:CEST:7200,1698559200:CET:3600,1711864800:CEST:7200,1730008800:CET:3600,1743314400:CEST:7200,1761458400:CET:3600
43	0:CST:28800
44	0:+0430:16200
45	0:+0530:19800
46	0:AST:-14400
47	0:+11:39600
48	0:-05:-18000
49	0:AWST:28800
50	1604250000:HST:-36000,1615741200:HDT:-32400,1636304400:HST:-36000,1647190800:HDT:-32400,1667754000:HST:-36000,1678640400:HDT:-32400,1699203600:HST:-36000,1710090000:HDT:-32400,1730653200:HST:-36000,1741539600:HDT:-32400,1762102800:HST:-36000
51	0:EAT:10800
52	0:AST:-14400
53	0:WAT:3600
54	1603605600:CET:3600,1616911200:CEST:7200,1635660000:CET:3600,1648360800:CEST:7200,1667109600:CET:3600,1679810400:CEST:7200,1698559200:CET:3600,1711864800:CEST:7200,1730008800:CET:3600,1743314400:CEST:7200,1761458400:CET:3600
55	1603605600:CET:3600,1616911200:CEST:7200,1635660000:CET:3600,1648360800:CEST:7200,1667109600:CET:3600,1679810400:CEST:7200,1698559200:CET:3600,1711864800:CEST:7200,1730008800:CET:3600,1743314400:CEST:7200,1761458400:CET:3600
56	0:+04:14400
57	0:MST:-25200
58	0:CAT:7200
59	0:+09:32400
60	0:+12:43200
61	0:ACST:34200
62	0:WAT:3600
63	1603605600:+00:0,1616911200:+02:7200,1635660000:+00:0,1648360800:+02:7200,1667109600:+00:0,1679810400:+02:7200,1698559200:+00:0,1711864800:+02:7200,1730008800:+00:0,1743314400:+02:7200,1761458400:+00:0
64	0:-03:-10800
65	0:-03:-10800
66	0:-03:-10800
67	0:-03:-10800
68	0:-03:-10800
69	0:-03:-10800
70	0:-03:-10800
71	0:-03:-10800
72	0:-03:-10800
73	0:-03:-10800
74	0:-03:-10800
75	0:-03:-10800
76	0:-03:-10800
77	0:SST:-39600
78	1603605600:CET:3600,1616911200:CEST:7200,1635660000:CET:3600,1648360800:CEST:7200,1667109600:CET:3600,1679810400:CEST:7200,1698559200:CET:3600,1711864800:CEST:7200,1730008800:CET:3600,1743314400:CEST:7200,1761458400:CET:3600
79	0:+03:10800
80	1617485400:ACST:34200,1633210200:ACDT:37800,1648935000:ACST:34200,1664659800:ACDT:37800,1680384600:ACST:34200,1696109400:ACDT:37800,1712439000:ACST:34200,1728163800:ACDT:37800,1743888600:ACST:34200,1759613400:ACDT:37800,1775338200:ACST:34200
81	1617483600:AEST:36000,1633208400:AEDT:39600,1648933200:AEST:36000,1664658000:AEDT:39600,1680382800:AEST:36000,1696107600:AEDT:39600,1712437200:AEST:36000,1728162000:AEDT:39600,1743886800:AEST:36000,1759611600:AEDT:39600,1775336400:AEST:36000
82	1617483600:AEST:36000,1633208400:AEDT:39600,1648933200:AEST:36000,1664658000:AEDT:39600,1680382800:AEST:36000,1696107600:AEDT:39600,1712437200:AEST:36000,1728162000:AEDT:39600,1743886800:AEST:36000,1759611600:AEDT:39600,1775336400:AEST:36000
83	1617483600:AEST:36000,1633208400:AEDT:39600,1648933200:AEST:36000,1664658000:AEDT:39600,1680382800:AEST:36000,1696107600:AEDT:39600,1712437200:AEST:36000,1728162000:AEDT:39600,1743886800:AEST:36000,1759611600:AEDT:39600,1775336400:AEST:36000
84	0:AEST:36000
85	0:AEST:36000
86	0:AST:-14400
87	0:WAT:3600
88	0:+11:39600
89	0:+04:14400
90	1603605600:CET:3600,1616911200:CEST:7200,1635660000:CET:3600,1648360800:CEST:7200,1667109600:CET:3600,1679810400:CEST:7200,1698559200:CET:3600,1711864800:CEST:7200,1730008800:CET:3600,1743314400:CEST:7200,1761458400:CET:3600
91	1603605600:CET:3600,1616911200:CEST:7200,1635660000:CET:3600,1648360800:CEST:7200,1667109600:CET:3600,1679810400:CEST:7200,1698559200:CET:3600,1711864800:CEST:7200,1730008800:CET:3600,1743314400:CEST:7200,1761458400:CET:3600
92	1603605600:CET:3600,1616911200:CEST:7200,1635660000:CET:3600,1648360800:CEST:7200,1667109600:CET:3600,1679810400:CEST:7200,1698559200:CET:3600,1711864800:CEST:7200,1730008800:CET:3600,1743314400:CEST:7200,1761458400:CET:3600
93	0:GMT:0
94	1603605600:EET:7200,1616911200:EEST:10800,1635660000:EET:7200,1648360800:EEST:10800,1667109600:EET:7200,1679810400:EEST:10800,1698559200:EET:7200,1711864800:EEST:10800,1730008800:EET:7200,1743314400:EEST:10800,1761458400:EET:7200
95	1603605600:-03:-10800,1616911200:-02:-7200,1635660000:-03:-10800,1648360800:-02:-7200,1667109600:-03:-10800,1679810400:-02:-7200,1698559200:-03:-10800,1711864800:-02:-7200,1730008800:-03:-10800,1743314400:-02:-7200,1761458400:-03:-10800
96	1603605600:-01:-3600,1616911200:+00:0,1635660000:-01:-3600,1648360800:+00:0,1667109600:-01:-3600,1679810400:+00:0,1698559200:-01:-3600,1711864800:+00:0,1730008800:-01:-3600,1743314400:+00:0,1761458400:-01:-3600
97	0:GMT:0
98	1604228400:AST:-14400,1615719600:ADT:-10800,1636282800:AST:-14400,1647169200:ADT:-10800,1667732400:AST:-14400,1678618800:ADT:-10800,1699182000:AST:-14400,1710068400:ADT:-10800,1730631600:AST:-14400,1741518000:ADT:-10800,1762081200:AST:-14400
99	0:+03:10800
100	1604242800:PST:-28800,1615734000:PDT:-25200,1636297200:PST:-28800,1647183600:PDT:-25200,1667746800:PST:-28800,1678633200:PDT:-25200,1699196400:PST:-28800,1710082800:PDT:-25200,1730646000:PST:-28800,1741532400:PDT:-25200,1762095600:PST:-28800
101	0:CAT:7200
102	0:GMT:0
103	0:WAT:3600
104	0:+04:14400
105	1604228400:AST:-14400,1615719600:ADT:-10800,1636282800:AST:-14400,1647169200:ADT:-10800,1667732400:AST:-14400,1678618800:ADT:-10800,1699182000:AST:-14400,1710068400:ADT:-10800,1730631600:AST:-14400,1741518000:ADT:-10800,1762081200:AST:-14400
106	0:EAT:10800
107	0:-04:-14400
108	0:AST:-14400
109	0:-03:-10800
110	0:-03:-10800
111	0:-04:-14400
112	0:-04:-14400
113	0:-03:-10800
114	0:-03:-10800
115	0:-04:-14400
116	0:-04:-14400
117	0:-04:-14400
118	0:-03:-10800
119	0:-03:-10800
120	0:-05:-18000
121	0:-03:-10800
122	0:-05:-18000
123	0:-03:-10800
124	1604232000:EST:-18000,1615723200:EDT:-14400,1636286400:EST:-18000,1647172800:EDT:-14400,1667736000:EST:-18000,1678622400:EDT:-14400,1699185600:EST:-18000,1710072000:EDT:-14400,1730635200:EST:-18000,1741521600:EDT:-14400,1762084800:EST:-18000
125	0:-01:-3600
126	0:SAST:7200
127	0:CAT:7200
128	1604779200:+13:46800,1610827200:+12:43200,1636833600:+13:46800,1642276800:+12:43200,1668283200:+13:46800,1673726400:+12:43200,1699732800:+13:46800,1705176000:+12:43200,1731182400:+13:46800,1736625600:+12:43200,1762632000:+13:46800
129	0:+03:10800
130	1603605600:EET:7200,1616911200:EEST:10800,1635660000:EET:7200,1648360800:EEST:10800,1667109600:EET:7200,1679810400:EEST:10800,1698559200:EET:7200,1711864800:EEST:10800,1730008800:EET:7200,1743314400:EEST:10800,1761458400:EET:7200
131	0:GMT:0
132	0:CST:-21600
133	1604232000:EST:-18000,1615723200:EDT:-14400,1636286400:EST:-18000,1647172800:EDT:-14400,1667736000:EST:-18000,1678622400:EDT:-14400,1699185600:EST:-18000,1710072000:EDT:-14400,1730635200:EST:-18000,1741521600:EDT:-14400,1762084800:EST:-18000
134	0:CST:-21600
135	1604235600:CST:-21600,1615726800:CDT:-18000,1636290000:CST:-21600,1647176400:CDT:-18000,1667739600:CST:-21600,1678626000:CDT:-18000,1699189200:CST:-21600,1710075600:CDT:-18000,1730638800:CST:-21600,1741525200:CDT:-18000,1762088400:CST:-21600
136	1604228400:AST:-14400,1615719600:ADT:-10800,1636282800:AST:-14400,1647169200:ADT:-10800,1667732400:AST:-14400,1678618800:ADT:-10800,1699182000:AST:-14400,1710068400:ADT:-10800,1730631600:AST:-14400,1741518000:ADT:-10800,1762081200:AST:-14400
137	1604242800:PST:-28800,1615734000:PDT:-25200,1636297200:PST:-28800,1647183600:PDT:-25200,1667746800:PST:-28800,1678633200:PDT:-25200,1699196400:PST:-28800,1710082800:PDT:-25200,1730646000:PST:-28800,1741532400:PDT:-25200,1762095600:PST:-28800
138	0:MST:-25200
139	1604239200:MST:-25200,1615730400:MDT:-21600,1636293600:MST:-25200,1647180000:MDT:-21600,1667743200:MST:-25200,1678629600:MDT:-21600,1699192800:MST:-25200,1710079200:MDT:-21600,1730642400:MST:-25200,1741528800:MDT:-21600,1762092000:MST:-25200
140	1604235600:CST:-21600,1615726800:CDT:-18000,1636290000:CST:-21600,1647176400:CDT:-18000,1667739600:CST:-21600,1678626000:CDT:-18000,1699189200:CST:-21600,1710075600:CDT:-18000,1730638800:CST:-21600,1741525200:CDT:-18000,1762088400:CST:-21600
141	0:EST:-18000
142	1604239200:MST:-25200,1615730400:MDT:-21600,1636293600:MST:-25200,1647180000:MDT:-21600,1667743200:MST:-25200,1678629600:MDT:-21600,1699192800:MST:-25200,1710079200:MDT:-21600,1730642400:MST:-25200,1741528800:MDT:-21600,1762092000:MST:-25200
143	1604226600:NST:-12600,1615717800:NDT:-9000,1636281000:NST:-12600,1647167400:NDT:-9000,1667730600:NST:-12600,1678617000:NDT:-9000,1699180200:NST:-12600,1710066600:NDT:-9000,1730629800:NST:-12600,1741516200:NDT:-9000,1762079400:NST:-12600
144	0:MST:-25200
145	1604239200:MST:-25200,1615730400:MDT:-21600,1636293600:MST:-25200,1647180000:MDT:-21600,1667743200:MST:-25200,1678629600:MDT:-21600,1699192800:MST:-25200,1710079200:MDT:-21600,1730642400:MST:-25200,1741528800:MDT:-21600,1762092000:MST:-25200
146	0:MST:-25200
147	1604232000:EST:-18000,1615723200:EDT:-14400,1636286400:EST:-18000,1647172800:EDT:-14400,1667736000:EST:-18000,1678622400:EDT:-14400,1699185600:EST:-18000,1710072000:EDT:-14400,1730635200:EST:-18000,1741521600:EDT:-14400,1762084800:EST:-18000
148	1604232000:EST:-18000,1615723200:EDT:-14400,1636286400:EST:-18000,1647172800:EDT:-14400,1667736000:EST:-18000,1678622400:EDT:-14400,1699185600:EST:-18000,1710072000:EDT:-14400,1730635200:EST:-18000,1741521600:EDT:-14400,1762084800:EST:-18000
149	0:MST:-25200
150	1604228400:AST:-14400,1615719600:ADT:-10800,1636282800:AST:-14400,1647169200:ADT:-10800,1667732400:AST:-14400,1678618800:ADT:-10800,1699182000:AST:-14400,1710068400:ADT:-10800,1730631600:AST:-14400,1741518000:ADT:-10800,1762081200:AST:-14400
151	1604235600:CST:-21600,1615726800:CDT:-18000,1636290000:CST:-21600,1647176400:CDT:-18000,1667739600:CST:-21600,1678626000:CDT:-18000,1699189200:CST:-21600,1710075600:CDT:-18000,1730638800:CST:-21600,1741525200:CDT:-18000,1762088400:CST:-21600
152	1604228400:AST:-14400,1615719600:ADT:-10800,1636282800:AST:-14400,1647169200:ADT:-10800,1667732400:AST:-14400,1678618800:ADT:-10800,1699182000:AST:-14400,1710068400:ADT:-10800,1730631600:AST:-14400,1741518000:ADT:-10800,1762081200:AST:-14400
153	1604232000:EST:-18000,1615723200:EDT:-14400,1636286400:EST:-18000,1647172800:EDT:-14400,1667736000:EST:-18000,1678622400:EDT:-14400,1699185600:EST:-18000,1710072000:EDT:-14400,1730635200:EST:-18000,1741521600:EDT:-14400,1762084800:EST:-18000
154	0:AST:-14400
155	0:MST:-25200
156	0:CAT:7200
157	0:WAT:3600
158	1604232000:EST:-18000,1615723200:EDT:-14400,1636286400:EST:-18000,1647172800:EDT:-14400,1667736000:EST:-18000,1678622400:EDT:-14400,1699185600:EST:-18000,1710072000:EDT:-14400,1730635200:EST:-18000,1741521600:EDT:-14400,1762084800:EST:-18000
159	0:WAT:3600
160	0:WAT:3600
161	0:GMT:0
162	1603605600:CET:3600,1616911200:CEST:7200,1635660000:CET:3600,1648360800:CEST:7200,1667109600:CET:3600,1679810400:CEST:7200,1698559200:CET:3600,1711864800:CEST:7200,1730008800:CET:3600,1743314400:CEST:7200,1761458400:CET:3600
163	1617523200:-04:-14400,1630832400:-03:-10800,1648972800:-04:-14400,1662282000:-03:-10800,1680422400:-04:-14400,1693731600:-03:-10800,1712476800:-04:-14400,1725786000:-03:-10800,1743926400:-04:-14400,1757235600:-03:-10800,1775376000:-04:-14400
164	0:WAT:3600
165	0:CST:-21600
166	1604228400:AST:-14400,1615719600:ADT:-10800,1636282800:AST:-14400,1647169200:ADT:-10800,1667732400:AST:-14400,1678618800:ADT:-10800,1699182000:AST:-14400,1710068400:ADT:-10800,1730631600:AST:-14400,1741518000:ADT:-10800,1762081200:AST:-14400
167	1604228400:CST:-18000,1615716000:CDT:-14400,1636282800:CST:-18000,1647165600:CDT:-14400,1667732400:CST:-18000,1678615200:CDT:-14400,1699182000:CST:-18000,1710064800:CDT:-14400,1730631600:CST:-18000,1741514400:CDT:-14400,1762081200:CST:-18000
168	1603605600:EET:7200,1616911200:EEST:10800,1635660000:EET:7200,1648360800:EEST:10800,1667109600:EET:7200,1679810400:EEST:10800,1698559200:EET:7200,1711864800:EEST:10800,1730008800:EET:7200,1743314400:EEST:10800,1761458400:EET:7200
169	1603605600:EET:7200,1616911200:EEST:10800,1635660000:EET:7200,1648360800:EEST:10800,1667109600:EET:7200,1679810400:EEST:10800,1698559200:EET:7200,1711864800:EEST:10800,1730008800:EET:7200,1743314400:EEST:10800,1761458400:EET:7200
170	1603630800:MST:-25200,1617544800:MDT:-21600,1635685200:MST:-25200,1648994400:MDT:-21600,1667134800:MST:-25200,1680444000:MDT:-21600,1698584400:MST:-25200,1712498400:MDT:-21600,1730034000:MST:-25200,1743948000:MDT:-21600,1761483600:MST:-25200
171	1604235600:CST:-21600,1615726800:CDT:-18000,1636290000:CST:-21600,1647176400:CDT:-18000,1667739600:CST:-21600,1678626000:CDT:-18000,1699189200:CST:-21600,1710075600:CDT:-18000,1730638800:CST:-21600,1741525200:CDT:-18000,1762088400:CST:-21600
172	1603605600:CET:3600,1616911200:CEST:7200,1635660000:CET:3600,1648360800:CEST:7200,1667109600:CET:3600,1679810400:CEST:7200,1698559200:CET:3600,1711864800:CEST:7200,1730008800:CET:3600,1743314400:CEST:7200,1761458400:CET:3600
173	1603605600:CET:3600,1616911200:CEST:7200,1635660000:CET:3600,1648360800:CEST:7200,1667109600:CET:3600,1679810400:CEST:7200,1698559200:CET:3600,1711864800:CEST:7200,1730008800:CET:3600,1743314400:CEST:7200,1761458400:CET:3600
174	0:EST:-18000
175	0:CET:3600
176	0:WIT:32400
177	0:GMT:0
178	0:+10:36000
179	0:GMT:0
180	1603605600:CET:3600,1616911200:CEST:7200,1635660000:CET:3600,1648360800:CEST:7200,1667109600:CET:3600,1679810400:CEST:7200,1698559200:CET:3600,1711864800:CEST:7200,1730008800:CET:3600,1743314400:CEST:7200,1761458400:CET:3600
181	0:WAT:3600
182	0:AST:-14400
183	0:WAT:3600
184	1603605600:CET:3600,1616911200:CEST:7200,1635660000:CET:3600,1648360800:CEST:7200,1667109600:CET:3600,1679810400:CEST:7200,1698559200:CET:3600,1711864800:CEST:7200,1730008800:CET:3600,1743314400:CEST:7200,1761458400:CET:3600
185	0:CET:3600
186	0:GMT:0
187	0:+12:43200
188	0:-05:-18000
189	0:-06:-21600
190	1603605600:EET:7200,1616911200:EEST:10800,1635660000:EET:7200,1648360800:EEST:10800,1667109600:EET:7200,1679810400:EEST:10800,1698559200:EET:7200,1711864800:EEST:10800,1730008800:EET:7200,1743314400:EEST:10800,1761458400:EET:7200
191	1603605600:EET:7200,1616911200:EEST:10800,1635660000:EET:7200,1648360800:EEST:10800,1667109600:EET:7200,1679810400:EEST:10800,1698559200:EET:7200,1711864800:EEST:10800,1730008800:EET:7200,1743314400:EEST:10800,1761458400:EET:7200
192	1603605600:EET:7200,1616911200:EEST:10800,1635660000:EET:7200,1648360800:EEST:10800,1667109600:EET:7200,1679810400:EEST:10800,1698559200:EET:7200,1711864800:EEST:10800,1730008800:EET:7200,1743314400:EEST:10800,1761458400:EET:7200
193	0:EET:7200
194	1603605600:GMT:0,1616911200:BST:3600,1635660000:GMT:0,1648360800:BST:3600,1667109600:GMT:0,1679810400:BST:3600,1698559200:GMT:0,1711864800:BST:3600,1730008800:GMT:0,1743314400:BST:3600,1761458400:GMT:0
195	1603605600:GMT:0,1616911200:BST:3600,1635660000:GMT:0,1648360800:BST:3600,1667109600:GMT:0,1679810400:BST:3600,1698559200:GMT:0,1711864800:BST:3600,1730008800:GMT:0,1743314400:BST:3600,1761458400:GMT:0
196	1603605600:GMT:0,1616911200:BST:3600,1635660000:GMT:0,1648360800:BST:3600,1667109600:GMT:0,1679810400:BST:3600,1698559200:GMT:0,1711864800:BST:3600,1730008800:GMT:0,1743314400:BST:3600,1761458400:GMT:0
197	0:-03:-10800
198	1618124400:+00:0,1621148400:+01:3600,1648364400:+00:0,1651993200:+01:3600,1679209200:+00:0,1682233200:+01:3600,1710057600:+00:0,1713078000:+01:3600,1740297600:+00:0,1743922800:+01:3600,1771142400:+00:0
199	1603605600:CET:3600,1616911200:CEST:7200,1635660000:CET:3600,1648360800:CEST:7200,1667109600:CET:3600,1679810400:CEST:7200,1698559200:CET:3600,1711864800:CEST:7200,1730008800:CET:3600,1743314400:CEST:7200,1761458400:CET:3600
200	1603605600:GMT:0,1616911200:IST:3600,1635660000:GMT:0,1648360800:IST:3600,1667109600:GMT:0,1679810400:IST:3600,1698559200:GMT:0,1711864800:IST:3600,1730008800:GMT:0,1743314400:IST:3600,1761458400:GMT:0
201	1603605600:WET:0,1616911200:WEST:3600,1635660000:WET:0,1648360800:WEST:3600,1667109600:WET:0,1679810400:WEST:3600,1698559200:WET:0,1711864800:WEST:3600,1730008800:WET:0,1743314400:WEST:3600,1761458400:WET:0
202	1603605600:CET:3600,1616911200:CEST:7200,1635660000:CET:3600,1648360800:CEST:7200,1667109600:CET:3600,1679810400:CEST:7200,1698559200:CET:3600,1711864800:CEST:7200,1730008800:CET:3600,1743314400:CEST:7200,1761458400:CET:3600
203	0:CST:-21600
204	1603605600:CET:3600,1616911200:CEST:7200,1635660000:CET:3600,1648360800:CEST:7200,1667109600:CET:3600,1679810400:CEST:7200,1698559200:CET:3600,1711864800:CEST:7200,1730008800:CET:3600,1743314400:CEST:7200,1761458400:CET:3600
205	1603605600:CET:3600,1616911200:CEST:7200,1635660000:CET:3600,1648360800:CEST:7200,1667109600:CET:3600,1679810400:CEST:7200,1698559200:CET:3600,1711864800:CEST:7200,1730008800:CET:3600,1743314400:CEST:7200,1761458400:CET:3600
206	1603605600:CET:3600,1616911200:CEST:7200,1635660000:CET:3600,1648360800:CEST:7200,1667109600:CET:3600,1679810400:CEST:7200,1698559200:CET:3600,1711864800:CEST:7200,1730008800:CET:3600,1743314400:CEST:7200,1761458400:CET:3600
207	0:EAT:10800
208	0:+08:28800
209	1603605600:WET:0,1616911200:WEST:3600,1635660000:WET:0,1648360800:WEST:3600,1667109600:WET:0,1679810400:WEST:3600,1698559200:WET:0,1711864800:WEST:3600,1730008800:WET:0,1743314400:WEST:3600,1761458400:WET:0
210	1603605600:WET:0,1616911200:WEST:3600,1635660000:WET:0,1648360800:WEST:3600,1667109600:WET:0,1679810400:WEST:3600,1698559200:WET:0,1711864800:WEST:3600,1730008800:WET:0,1743314400:WEST:3600,1761458400:WET:0
211	1603605600:CET:3600,1616911200:CEST:7200,1635660000:CET:3600,1648360800:CEST:7200,1667109600:CET:3600,1679810400:CEST:7200,1698559200:CET:3600,1711864800:CEST:7200,1730008800:CET:3600,1743314400:CEST:7200,1761458400:CET:3600
212	0:EAT:10800
213	1603605600:EET:7200,1616911200:EEST:10800,1635660000:EET:7200,1648360800:EEST:10800,1667109600:EET:7200,1679810400:EEST:10800,1698559200:EET:7200,1711864800:EEST:10800,1730008800:EET:7200,1743314400:EEST:10800,1761458400:EET:7200
214	1603605600:EET:7200,1616911200:EEST:10800,1635660000:EET:7200,1648360800:EEST:10800,1667109600:EET:7200,1679810400:EEST:10800,1698559200:EET:7200,1711864800:EEST:10800,1730008800:EET:7200,1743314400:EEST:10800,1761458400:EET:7200
215	0:SAST:7200
216	0:WAT:3600
217	0:GMT:0
218	0:+04:14400
219	0:+06:21600
220	0:CAT:7200
221	0:+10:36000
222	0:EAT:10800
223	0:EAT:10800
224	0:+04:14400
225	0:+05:18000
226	0:GMT:0
227	1603605600:CET:3600,1616911200:CEST:7200,1635660000:CET:3600,1648360800:CEST:7200,1667109600:CET:3600,1679810400:CEST:7200,1698559200:CET:3600,1711864800:CEST:7200,1730008800:CET:3600,1743314400:CEST:7200,1761458400:CET:3600
228	0:+04:14400
229	0:CAT:7200
230	0:CAT:7200
231	0:SAST:7200
232	0:CAT:7200
233	0:GMT:0
234	0:GMT:0
235	0:+04:14400
236	1603605600:CET:3600,1616911200:CEST:7200,1635660000:CET:3600,1648360800:CEST:7200,1667109600:CET:3600,1679810400:CEST:7200,1698559200:CET:3600,1711864800:CEST:7200,1730008800:CET:3600,1743314400:CEST:7200,1761458400:CET:3600
237	0:-03:-10800
238	0:GMT:0
239	0:GMT:0
240	1618124400:+00:0,1621148400:+01:3600,1648364400:+00:0,1651993200:+01:3600,1679209200:+00:0,1682233200:+01:3600,1710057600:+00:0,1713078000:+01:3600,1740297600:+00:0,1743922800:+01:3600,1771142400:+00:0
241	0:GMT:0
242	0:GMT:0
243	1603605600:EET:7200,1616911200:EEST:10800,1635660000:EET:7200,1648360800:EEST:10800,1667109600:EET:7200,1679810400:EEST:10800,1698559200:EET:7200,1711864800:EEST:10800,1730008800:EET:7200,1743314400:EEST:10800,1761458400:EET:7200
244	0:EAT:10800
245	0:-04:-14400
246	0:-03:-10800
247	0:EAT:10800
248	0:HKT:28800
249	0:EET:7200
250	0:CST:-21600
251	0:+07:25200
252	0:+06:21600
253	0:CAT:7200
254	1604232000:EST:-18000,1615723200:EDT:-14400,1636286400:EST:-18000,1647172800:EDT:-14400,1667736000:EST:-18000,1678622400:EDT:-14400,1699185600:EST:-18000,1710072000:EDT:-14400,1730635200:EST:-18000,1741521600:EDT:-14400,1762084800:EST:-18000
255	1603605600:CET:3600,1616911200:CEST:7200,1635660000:CET:3600,1648360800:CEST:7200,1667109600:CET:3600,1679810400:CEST:7200,1698559200:CET:3600,1711864800:CEST:7200,1730008800:CET:3600,1743314400:CEST:7200,1761458400:CET:3600
256	0:EAT:10800
257	1603627200:CST:-21600,1617541200:CDT:-18000,1635681600:CST:-21600,1648990800:CDT:-18000,1667131200:CST:-21600,1680440400:CDT:-18000,1698580800:CST:-21600,1712494800:CDT:-18000,1730030400:CST:-21600,1743944400:CDT:-18000,1761480000:CST:-21600
258	0:WIB:25200
259	0:WITA:28800
260	0:+09:32400
261	0:WIB:25200
262	1603598400:IST:7200,1616734800:IDT:10800,1635652800:IST:7200,1648184400:IDT:10800,1667102400:IST:7200,1679634000:IDT:10800,1698552000:IST:7200,1711688400:IDT:10800,1730001600:IST:7200,1743138000:IDT:10800,1761451200:IST:7200
263	0:IST:19800
264	1604232000:EST:-18000,1615723200:EDT:-14400,1636286400:EST:-18000,1647172800:EDT:-14400,1667736000:EST:-18000,1678622400:EDT:-14400,1699185600:EST:-18000,1710072000:EDT:-14400,1730635200:EST:-18000,1741521600:EDT:-14400,1762084800:EST:-18000
265	0:+03:10800
266	1616376600:+0430:16200,1632270600:+0330:12600,1647912600:+0430:16200,1663806600:+0330:12600,1679448600:+0430:16200,1695342600:+0330:12600,1710984600:+0430:16200,1726878600:+0330:12600,1742607000:+0430:16200,1758501000:+0330:12600,1774143000:+0430:16200
267	0:JST:32400
268	1603605600:CET:3600,1616911200:CEST:7200,1635660000:CET:3600,1648360800:CEST:7200,1667109600:CET:3600,1679810400:CEST:7200,1698559200:CET:3600,1711864800:CEST:7200,1730008800:CET:3600,1743314400:CEST:7200,1761458400:CET:3600
269	0:EST:-18000
270	1604026800:EET:7200,1616727600:EEST:10800,1635476400:EET:7200,1648782000:EEST:10800,1666926000:EET:7200,1680231600:EEST:10800,1698375600:EET:7200,1711681200:EEST:10800,1729825200:EET:7200,1743130800:EEST:10800,1761879600:EET:7200
271	0:+06:21600
272	0:+06:21600
273	0:+12:43200
274	0:+07:25200
275	0:KST:32400
276	0:KST:32400
277	1604235600:CST:-21600,1615726800:CDT:-18000,1636290000:CST:-21600,1647176400:CDT:-18000,1667739600:CST:-21600,1678626000:CDT:-18000,1699189200:CST:-21600,1710075600:CDT:-18000,1730638800:CST:-21600,1741525200:CDT:-18000,1762088400:CST:-21600
278	0:+03:10800
279	0:+06:21600
280	0:+05:18000
281	0:+05:18000
282	0:+05:18000
283	0:+05:18000
284	0:+05:18000
285	0:+07:25200
286	1604224800:-03:-10800,1615716000:-02:-7200,1636279200:-03:-10800,1647165600:-02:-7200,1667728800:-03:-10800,1678615200:-02:-7200,1699178400:-03:-10800,1710064800:-02:-7200,1730628000:-03:-10800,1741514400:-02:-7200,1762077600:-03:-10800
287	1603605600:CET:3600,1616911200:CEST:7200,1635660000:CET:3600,1648360800:CEST:7200,1667109600:CET:3600,1679810400:CEST:7200,1698559200:CET:3600,1711864800:CEST:7200,1730008800:CET:3600,1743314400:CEST:7200,1761458400:CET:3600
288	1604113200:EET:7200,1616727600:EEST:10800,1635562800:EET:7200,1648177200:EEST:10800,1667012400:EET:7200,1680231600:EEST:10800,1698462000:EET:7200,1711681200:EEST:10800,1729911600:EET:7200,1743130800:EEST:10800,1761361200:EET:7200
289	1603605600:CET:3600,1616911200:CEST:7200,1635660000:CET:3600,1648360800:CEST:7200,1667109600:CET:3600,1679810400:CEST:7200,1698559200:CET:3600,1711864800:CEST:7200,1730008800:CET:3600,1743314400:CEST:7200,1761458400:CET:3600
290	1603605600:CET:3600,1616911200:CEST:7200,1635660000:CET:3600,1648360800:CEST:7200,1667109600:CET:3600,1679810400:CEST:7200,1698559200:CET:3600,1711864800:CEST:7200,1730008800:CET:3600,1743314400:CEST:7200,1761458400:CET:3600
291	1603605600:-01:-3600,1616911200:+00:0,1635660000:-01:-3600,1648360800:+00:0,1667109600:-01:-3600,1679810400:+00:0,1698559200:-01:-3600,1711864800:+00:0,1730008800:-01:-3600,1743314400:+00:0,1761458400:-01:-3600
292	1603605600:WET:0,1616911200:WEST:3600,1635660000:WET:0,1648360800:WEST:3600,1667109600:WET:0,1679810400:WEST:3600,1698559200:WET:0,1711864800:WEST:3600,1730008800:WET:0,1743314400:WEST:3600,1761458400:WET:0
293	1603605600:EET:7200,1616911200:EEST:10800,1635660000:EET:7200,1648360800:EEST:10800,1667109600:EET:7200,1679810400:EEST:10800,1698559200:EET:7200,1711864800:EEST:10800,1730008800:EET:7200,1743314400:EEST:10800,1761458400:EET:7200
294	1603605600:CET:3600,1616911200:CEST:7200,1635660000:CET:3600,1648360800:CEST:7200,1667109600:CET:3600,1679810400:CEST:7200,1698559200:CET:3600,1711864800:CEST:7200,1730008800:CET:3600,1743314400:CEST:7200,1761458400:CET:3600
295	0:+03:10800
296	1603602000:EET:7200,1616907600:EEST:10800,1635656400:EET:7200,1648357200:EEST:10800,1667106000:EET:7200,1679806800:EEST:10800,1698555600:EET:7200,1711861200:EEST:10800,1730005200:EET:7200,1743310800:EEST:10800,1761454800:EET:7200
297	1603605600:CET:3600,1616911200:CEST:7200,1635660000:CET:3600,1648360800:CEST:7200,1667109600:CET:3600,1679810400:CEST:7200,1698559200:CET:3600,1711864800:CEST:7200,1730008800:CET:3600,1743314400:CEST:7200,1761458400:CET:3600
298	1603605600:CET:3600,1616911200:CEST:7200,1635660000:CET:3600,1648360800:CEST:7200,1667109600:CET:3600,1679810400:CEST:7200,1698559200:CET:3600,1711864800:CEST:7200,1730008800:CET:3600,1743314400:CEST:7200,1761458400:CET:3600
299	1603605600:CET:3600,1616911200:CEST:7200,1635660000:CET:3600,1648360800:CEST:7200,1667109600:CET:3600,1679810400:CEST:7200,1698559200:CET:3600,1711864800:CEST:7200,1730008800:CET:3600,1743314400:CEST:7200,1761458400:CET:3600
300	1604232000:EST:-18000,1615723200:EDT:-14400,1636286400:EST:-18000,1647172800:EDT:-14400,1667736000:EST:-18000,1678622400:EDT:-14400,1699185600:EST:-18000,1710072000:EDT:-14400,1730635200:EST:-18000,1741521600:EDT:-14400,1762084800:EST:-18000
301	0:AST:-14400
302	0:+0630:23400
303	1603627200:CST:-21600,1617541200:CDT:-18000,1635681600:CST:-21600,1648990800:CDT:-18000,1667131200:CST:-21600,1680440400:CDT:-18000,1698580800:CST:-21600,1712494800:CDT:-18000,1730030400:CST:-21600,1743944400:CDT:-18000,1761480000:CST:-21600
304	1603630800:MST:-25200,1617544800:MDT:-21600,1635685200:MST:-25200,1648994400:MDT:-21600,1667134800:MST:-25200,1680444000:MDT:-21600,1698584400:MST:-25200,1712498400:MDT:-21600,1730034000:MST:-25200,1743948000:MDT:-21600,1761483600:MST:-25200
305	1604235600:CST:-21600,1615726800:CDT:-18000,1636290000:CST:-21600,1647176400:CDT:-18000,1667739600:CST:-21600,1678626000:CDT:-18000,1699189200:CST:-21600,1710075600:CDT:-18000,1730638800:CST:-21600,1741525200:CDT:-18000,1762088400:CST:-21600
306	1603627200:CST:-21600,1617541200:CDT:-18000,1635681600:CST:-21600,1648990800:CDT:-18000,1667131200:CST:-21600,1680440400:CDT:-18000,1698580800:CST:-21600,1712494800:CDT:-18000,1730030400:CST:-21600,1743944400:CDT:-18000,1761480000:CST:-21600
307	0:EST:-18000
308	1604239200:MST:-25200,1615730400:MDT:-21600,1636293600:MST:-25200,1647180000:MDT:-21600,1667743200:MST:-25200,1678629600:MDT:-21600,1699192800:MST:-25200,1710079200:MDT:-21600,1730642400:MST:-25200,1741528800:MDT:-21600,1762092000:MST:-25200
309	0:+08:28800
310	0:+07:25200
311	0:CST:-21600
312	0:CST:28800
313	0:AST:-14400
314	0:CST:-21600
315	0:AST:-14400
316	0:EST:-18000
317	1603627200:CST:-21600,1617541200:CDT:-18000,1635681600:CST:-21600,1648990800:CDT:-18000,1667131200:CST:-21600,1680440400:CDT:-18000,1698580800:CST:-21600,1712494800:CDT:-18000,1730030400:CST:-21600,1743944400:CDT:-18000,1761480000:CST:-21600
318	0:+08:28800
319	0:+08:28800
320	0:+11:39600
321	0:-10:-36000
322	0:+13:46800
323	0:+12:43200
324	0:-11:-39600
325	0:+12:43200
326	0:+0545:20700
327	1617476400:+13:46800,1632596400:+14:50400,1648926000:+13:46800,1664046000:+14:50400,1680375600:+13:46800,1695495600:+14:50400,1712430000:+13:46800,1727550000:+14:50400,1743879600:+13:46800,1758999600:+14:50400,1775329200:+13:46800
328	0:-10:-36000
329	0:-09:-32400
330	0:-0930:-34200
331	0:+11:39600
332	1617476400:NZST:43200,1632596400:NZDT:46800,1648926000:NZST:43200,1664046000:NZDT:46800,1680375600:NZST:43200,1695495600:NZDT:46800,1712430000:NZST:43200,1727550000:NZDT:46800,1743879600:NZST:43200,1758999600:NZDT:46800,1775329200:NZST:43200
333	1617476400:+1245:45900,1632596400:+1345:49500,1648926000:+1245:45900,1664046000:+1345:49500,1680375600:+1245:45900,1695495600:+1345:49500,1712430000:+1245:45900,1727550000:+1345:49500,1743879600:+1245:45900,1758999600:+1345:49500,1775329200:+1245:45900
334	0:-03:-10800
335	1617476400:NZST:43200,1632596400:NZDT:46800,1648926000:NZST:43200,1664046000:NZDT:46800,1680375600:NZST:43200,1695495600:NZDT:46800,1712430000:NZST:43200,1727550000:NZDT:46800,1743879600:NZST:43200,1758999600:NZDT:46800,1775329200:NZST:43200
336	1603591200:EET:7200,1616900400:EEST:10800,1635645600:EET:7200,1648350000:EEST:10800,1667095200:EET:7200,1679799600:EEST:10800,1698544800:EET:7200,1711854000:EEST:10800,1729994400:EET:7200,1743303600:EEST:10800,1761444000:EET:7200
337	0:PKT:18000
338	1604023200:EET:7200,1616727600:EEST:10800,1635472800:EET:7200,1648177200:EEST:10800,1666922400:EET:7200,1680231600:EEST:10800,1698372000:EET:7200,1711681200:EEST:10800,1729821600:EET:7200,1743130800:EEST:10800,1761876000:EET:7200
339	0:+03:10800
340	0:+03:10800
341	1604246400:AKST:-32400,1615737600:AKDT:-28800,1636300800:AKST:-32400,1647187200:AKDT:-28800,1667750400:AKST:-32400,1678636800:AKDT:-28800,1699200000:AKST:-32400,1710086400:AKDT:-28800,1730649600:AKST:-32400,1741536000:AKDT:-28800,1762099200:AKST:-32400
342	0:+13:46800
343	0:-05:-18000
344	0:+14:50400
345	0:SST:-39600
346	0:+07:25200
347	1604113200:EET:7200,1616727600:EEST:10800,1635562800:EET:7200,1648177200:EEST:10800,1667012400:EET:7200,1680231600:EEST:10800,1698462000:EET:7200,1711681200:EEST:10800,1729911600:EET:7200,1743130800:EEST:10800,1761361200:EET:7200
348	0:+11:39600
349	0:+11:39600
350	0:+12:43200
351	1616918400:-04:-14400,1633251600:-03:-10800,1648368000:-04:-14400,1664701200:-03:-10800,1679817600:-04:-14400,1696150800:-03:-10800,1711267200:-04:-14400,1728205200:-03:-10800,1742716800:-04:-14400,1759654800:-03:-10800,1774166400:-04:-14400
352	0:CST:28800
353	0:MSK:10800
354	0:+07:25200
355	0:+09:32400
356	0:+05:18000
357	0:+04:14400
358	0:EET:7200
359	0:+09:32400
360	0:+11:39600
361	0:+07:25200
362	0:+08:28800
363	0:+12:43200
364	0:+12:43200
365	0:+10:36000
366	0:+04:14400
367	0:+04:14400
368	0:+07:25200
369	0:+04:14400
370	0:+07:25200
371	0:+11:39600
372	0:+11:39600
373	0:+09:32400
374	0:+04:14400
375	0:+07:25200
376	0:+06:21600
377	1603605600:EET:7200,1616911200:EEST:10800,1635660000:EET:7200,1648360800:EEST:10800,1667109600:EET:7200,1679810400:EEST:10800,1698559200:EET:7200,1711864800:EEST:10800,1730008800:EET:7200,1743314400:EEST:10800,1761458400:EET:7200
378	0:-02:-7200
379	1617523200:-06:-21600,1630832400:-05:-18000,1648972800:-06:-21600,1662282000:-05:-18000,1680422400:-06:-21600,1693731600:-05:-18000,1712476800:-06:-21600,1725786000:-05:-18000,1743926400:-06:-21600,1757235600:-05:-18000,1775376000:-06:-21600
380	0:+08:28800
381	0:AST:-14400
382	1603605600:CET:3600,1616911200:CEST:7200,1635660000:CET:3600,1648360800:CEST:7200,1667109600:CET:3600,1679810400:CEST:7200,1698559200:CET:3600,1711864800:CEST:7200,1730008800:CET:3600,1743314400:CEST:7200,1761458400:CET:3600
383	0:-03:-10800
384	0:-04:-14400
385	0:AST:-14400
386	0:AST:-14400
387	0:AST:-14400
388	0:AST:-14400
389	0:+05:18000
390	0:AST:-14400
391	0:AST:-14400
392	0:+05:18000
393	0:AST:-14400
394	0:AST:-14400
395	0:AST:-14400
396	0:AST:-14400
397	0:AST:-14400
398	0:AST:-14400
399	0:MSK:10800
400	1603605600:EET:7200,1616911200:EEST:10800,1635660000:EET:7200,1648360800:EEST:10800,1667109600:EET:7200,1679810400:EEST:10800,1698559200:EET:7200,1711864800:EEST:10800,1730008800:EET:7200,1743314400:EEST:10800,1761458400:EET:7200
401	0:+05:18000
402	0:+03:10800
403	0:+05:18000
404	1603605600:CET:3600,1616911200:CEST:7200,1635660000:CET:3600,1648360800:CEST:7200,1667109600:CET:3600,1679810400:CEST:7200,1698559200:CET:3600,1711864800:CEST:7200,1730008800:CET:3600,1743314400:CEST:7200,1761458400:CET:3600
405	0:+06:21600
406	0:+08:28800
407	0:+0845:31500
408	1617485400:ACST:34200,1633210200:ACDT:37800,1648935000:ACST:34200,1664659800:ACDT:37800,1680384600:ACST:34200,1696109400:ACDT:37800,1712439000:ACST:34200,1728163800:ACDT:37800,1743888600:ACST:34200,1759613400:ACDT:37800,1775338200:ACST:34200
409	1617483600:AEST:36000,1633208400:AEDT:39600,1648933200:AEST:36000,1664658000:AEDT:39600,1680382800:AEST:36000,1696107600:AEDT:39600,1712437200:AEST:36000,1728162000:AEDT:39600,1743886800:AEST:36000,1759611600:AEDT:39600,1775336400:AEST:36000
410	1617480000:+1030:37800,1633206600:+11:39600,1648929600:+1030:37800,1664656200:+11:39600,1680379200:+1030:37800,1696105800:+11:39600,1712433600:+1030:37800,1728160200:+11:39600,1743883200:+1030:37800,1759609800:+11:39600,1775332800:+1030:37800
411	0:+0630:23400
412	0:+07:25200
413	1617480000:+11:39600,1633204800:+12:43200,1648929600:+11:39600,1664654400:+12:43200,1680379200:+11:39600,1696104000:+12:43200,1712433600:+11:39600,1728158400:+12:43200,1743883200:+11:39600,1759608000:+12:43200,1775332800:+11:39600
414	0:+08:28800
